file_name,size_MB
routes.avro,18.73610210418701 MB
routes.parquet,1.8192329406738281 MB
routes.pb,21.479753494262695 MB
validation-results.csv,0.8299989700317383 MB
